{
    "type": "opencv",
    "image_width": 3088,
    "image_height": 2064,
    "fx": 1354.51232576544,
    "fy": 1354.3180196516348,
    "cx": 1514.1042261130879,
    "cy": 1076.889630915509,
    "distortion_coeffs": [
        1.7221101059527044,
        0.49305517387913206,
        -0.0001225005934362849,
        6.570762801073893e-05,
        0.0108303691251309,
        2.041285156341025,
        0.9500329386800687,
        0.07445973603498887,
        -6.848822255215463e-05,
        -8.15799942751215e-06,
        0.00021007461966214767,
        -4.38874479245162e-06,
        0.0005389126322142988,
        -0.000386122252673777
    ]
}