{
    "type": "opencv",
    "image_width": 3088,
    "image_height": 2064,
    "fx": 1354.5123255964854,
    "fy": 1354.3180194819697,
    "cx": 1514.1042261000744,
    "cy": 1076.8896307961243,
    "distortion_coeffs": [
        1.7221089472612494,
        0.4930546918571759,
        -0.00012250059428989314,
        6.57076263574148e-05,
        0.010830356750035148,
        2.0412839956171,
        0.9500320952627364,
        0.07445965626982802,
        -6.848822042827501e-05,
        -8.15799884474819e-06,
        0.00021007463808053156,
        -4.388746830492483e-06,
        0.0005389126014937742,
        -0.00038612225511406055
    ]
}