{
    "type": "opencv",
    "image_width": 3088,
    "image_height": 2064,
    "fx": 1354.3393606172697,
    "fy": 1354.1499518161606,
    "cx": 1513.7664490959257,
    "cy": 1076.688971993708,
    "distortion_coeffs": [
        1.483554507840138,
        0.39461438814781413,
        -0.00012089151401987853,
        4.7878729587277994e-05,
        0.008391142831708439,
        1.8023229074935199,
        0.777115606089903,
        0.058390106272584875,
        5.793155115932518e-06,
        -1.2226928224587098e-05,
        0.00023772333135864778,
        -8.065714186840392e-06,
        0.0004892654052423646,
        -0.0003451878531197003
    ]
}