{
    "type": "opencv",
    "image_width": 3088,
    "image_height": 2064,
    "fx": 1354.4889319436954,
    "fy": 1354.2710375878125,
    "cx": 1512.649070518221,
    "cy": 1075.614010483637,
    "distortion_coeffs": [
        1.5799629700705935,
        0.4400226708665487,
        -8.917883063066976e-05,
        4.425680853400089e-05,
        0.009847223387813036,
        1.898908871416312,
        0.8529634804686412,
        0.06672310487569572,
        0.00018109595725825778,
        -3.05790466157995e-05,
        0.0003636557369447874,
        -2.461331659773574e-05
    ]
}