{
    "type": "opencv",
    "image_width": 3088,
    "image_height": 2064,
    "fx": 1354.5124985080904,
    "fy": 1354.3181984440832,
    "cx": 1514.104403863959,
    "cy": 1076.8896015546975,
    "distortion_coeffs": [
        1.721749851751697,
        0.4929049527387092,
        -0.00012249059620334055,
        6.571195104303754e-05,
        0.010826498817585985,
        2.040924560626435,
        0.9497700975338902,
        0.0744348380132027,
        -6.852182482012876e-05,
        -8.155006688534965e-06,
        0.00021009345380118726,
        -4.392347849675705e-06,
        0.0005388341393511124,
        -0.0003861499673898091
    ]
}