{
    "type": "opencv",
    "image_width": 3088,
    "image_height": 2064,
    "fx": 1354.5124985080788,
    "fy": 1354.3181984440716,
    "cx": 1514.1044038639538,
    "cy": 1076.8896015547,
    "distortion_coeffs": [
        1.7217498516900185,
        0.4929049527138568,
        -0.00012249059620320226,
        6.571195104299103e-05,
        0.010826498816980846,
        2.0409245605646205,
        0.9497700974898622,
        0.07443483800919201,
        -6.852182481925031e-05,
        -8.155006688643431e-06,
        0.0002100934538006302,
        -4.392347849613622e-06,
        0.0005388341393511964,
        -0.00038614996738847745
    ]
}