{
    "type": "opencv",
    "image_width": 3088,
    "image_height": 2064,
    "fx": 1354.339360617583,
    "fy": 1354.1499518164749,
    "cx": 1513.7664490957359,
    "cy": 1076.688971993737,
    "distortion_coeffs": [
        1.4835545099141232,
        0.3946143890070516,
        -0.00012089151402440108,
        4.787872958452256e-05,
        0.008391142853747844,
        1.8023229095712832,
        0.7771156075954136,
        0.05839010641457967,
        5.793155151100241e-06,
        -1.2226928228991742e-05,
        0.00023772333135803393,
        -8.065714186000685e-06,
        0.0004892654052676287,
        -0.00034518785307378934
    ]
}